Unnamed: 0,cat,climscen,P [mean kg/ha/a],P [mean kg/ha/3rd year],P [mean kg/ha/6th year],P [mean kg/ha/9th year],N [mean kg/ha/a],N [mean kg/ha/3rd year],N [mean kg/ha/6th year],N [mean kg/ha/9th year],logscen,cat_area,log_area,log_pr,runoff [mean mm/a],runoff [mean yearly mm/a],pr_diff_ave,pr_diff_ave_P,pr_diff_ave_N
0,04_184A001,2003-2012,0.083,0.084,0.146,0.076,1.99,2.188,3.34,2.164,No clear-cut,1098.368,0.0,0.0,262.0,0.2615038290154189,0,0.0,0.0
0,04_184A001,2003-2012,0.10099999999999999,0.10800000000000001,0.17300000000000001,0.102,2.374,2.657,3.878,2.708,All clear-cut,1098.368,196.07,0.1785,288.0,0.2883064590394497,0,21.686746987951793,19.2964824120603
0,04_184A001,Dry,0.005,0.005,0.005,0.006,0.185,0.18100000000000002,0.207,0.226,No clear-cut,1098.368,0.0,0.0,59.0,0.05943588495720178,0,-93.97590361445783,-90.7035175879397
0,04_184A001,Dry,0.011000000000000001,0.011000000000000001,0.013000000000000001,0.013000000000000001,0.36200000000000004,0.37200000000000005,0.425,0.449,All clear-cut,1098.368,196.07,0.1785,73.0,0.07324721993645653,0,-86.74698795180723,-81.80904522613065
0,04_184A001,Wet,0.113,0.115,0.115,0.115,2.57,2.603,2.602,2.6010000000000004,No clear-cut,1098.368,0.0,0.0,409.0,0.4094898377545178,0,36.14457831325302,29.145728643216074
0,04_184A001,Wet,0.133,0.136,0.134,0.134,3.002,3.071,3.033,3.025,All clear-cut,1098.368,196.07,0.1785,445.0,0.4453739184886217,0,60.24096385542168,50.8542713567839
0,04_184A001,Wet&mild,0.141,0.142,0.142,0.142,3.3710000000000004,3.407,3.409,3.406,No clear-cut,1098.368,0.0,0.0,351.0,0.35076449550688266,0,69.87951807228913,69.39698492462313
0,04_184A001,Wet&mild,0.16899999999999998,0.174,0.172,0.172,3.904,3.98,3.963,3.952,All clear-cut,1098.368,196.07,0.1785,377.0,0.376647022459656,0,103.61445783132527,96.18090452261305
0,04_184A002,2003-2012,0.08,0.085,0.14300000000000002,0.07200000000000001,1.969,2.259,3.332,2.1109999999999998,No clear-cut,134.886,0.0,0.0,253.0,0.25263264977838845,0,0.0,0.0
0,04_184A002,2003-2012,0.08900000000000001,0.096,0.156,0.085,2.1830000000000003,2.536,3.62,2.415,All clear-cut,134.886,13.261,0.0983,268.0,0.2683513615047559,0,11.25,10.868461147790768
0,04_184A002,Dry,0.004,0.004,0.005,0.005,0.14800000000000002,0.146,0.165,0.179,No clear-cut,134.886,0.0,0.0,52.0,0.05209785723127425,0,-95.0,-92.48349415947182
0,04_184A002,Dry,0.006999999999999999,0.006999999999999999,0.008,0.008,0.24600000000000002,0.251,0.28600000000000003,0.304,All clear-cut,134.886,13.261,0.0983,59.0,0.0591765207471326,0,-91.25,-87.50634840020315
0,04_184A002,Wet,0.109,0.11,0.11,0.11,2.497,2.53,2.526,2.525,No clear-cut,134.886,0.0,0.0,402.0,0.4016009490936995,0,36.25,26.815642458100555
0,04_184A002,Wet,0.11800000000000001,0.12,0.11900000000000001,0.11800000000000001,2.719,2.7689999999999997,2.74,2.735,All clear-cut,134.886,13.261,0.0983,422.0,0.4220671751536429,0,47.5,38.09040121889282
0,04_184A002,Wet&mild,0.133,0.135,0.135,0.134,3.238,3.273,3.2689999999999997,3.265,No clear-cut,134.886,0.0,0.0,341.0,0.3410026799887419,0,66.25,64.44895886236668
0,04_184A002,Wet&mild,0.147,0.15,0.149,0.14800000000000002,3.5269999999999997,3.5839999999999996,3.563,3.552,All clear-cut,134.886,13.261,0.0983,357.0,0.3565302805043757,0,83.75,79.1264601320467
0,04_184A003,2003-2012,0.084,0.08900000000000001,0.152,0.07400000000000001,1.999,2.352,3.424,2.154,No clear-cut,147.558,0.0,0.0,254.0,0.254368164925836,0,0.0,0.0
0,04_184A003,2003-2012,0.10400000000000001,0.114,0.184,0.10400000000000001,2.418,2.84,4.039,2.7569999999999997,All clear-cut,147.558,28.031999999999996,0.19,282.0,0.2822134360903874,0,23.80952380952381,20.960480240120077
0,04_184A003,Dry,0.004,0.004,0.004,0.005,0.18600000000000003,0.18,0.20800000000000002,0.228,No clear-cut,147.558,0.0,0.0,51.0,0.051072639191988865,0,-95.23809523809524,-90.69534767383692
0,04_184A003,Dry,0.011000000000000001,0.011000000000000001,0.012,0.013000000000000001,0.366,0.371,0.426,0.45299999999999996,All clear-cut,147.558,28.031999999999996,0.19,67.0,0.06652001001639292,0,-86.9047619047619,-81.69084542271136
0,04_184A003,Wet,0.11199999999999999,0.113,0.113,0.113,2.505,2.531,2.531,2.531,No clear-cut,147.558,0.0,0.0,398.0,0.3981384520418942,0,33.333333333333314,25.312656328164067
0,04_184A003,Wet,0.135,0.138,0.136,0.136,3.0389999999999997,3.105,3.065,3.056,All clear-cut,147.558,28.031999999999996,0.19,436.0,0.4363152364268899,0,60.71428571428572,52.026013006503234
0,04_184A003,Wet&mild,0.139,0.14,0.141,0.14,3.3169999999999997,3.344,3.35,3.346,No clear-cut,147.558,0.0,0.0,343.0,0.34292609421536324,0,65.47619047619048,65.93296648324161
0,04_184A003,Wet&mild,0.172,0.17600000000000002,0.175,0.175,3.91,3.978,3.967,3.9539999999999997,All clear-cut,147.558,28.031999999999996,0.19,369.0,0.36911911945790055,0,104.76190476190476,95.59779889944971
0,04_184A004,2003-2012,0.079,0.08199999999999999,0.14,0.071,2.08,2.352,3.4930000000000003,2.25,No clear-cut,364.92800000000005,0.0,0.0,259.0,0.2589550619479269,0,0.0,0.0
0,04_184A004,2003-2012,0.095,0.10099999999999999,0.163,0.09300000000000001,2.423,2.767,3.975,2.7230000000000003,All clear-cut,364.92800000000005,55.833999999999996,0.153,283.0,0.2832065414637327,0,20.25316455696202,16.490384615384613
0,04_184A004,Dry,0.004,0.004,0.005,0.005,0.21899999999999997,0.209,0.248,0.27699999999999997,No clear-cut,364.92800000000005,0.0,0.0,53.0,0.052908042864874015,0,-94.9367088607595,-89.47115384615384
0,04_184A004,Dry,0.009000000000000001,0.009000000000000001,0.011000000000000001,0.011000000000000001,0.374,0.376,0.439,0.474,All clear-cut,364.92800000000005,55.833999999999996,0.153,65.0,0.0652758217882365,0,-88.60759493670886,-82.01923076923077
0,04_184A004,Wet,0.107,0.10800000000000001,0.10800000000000001,0.10800000000000001,2.6239999999999997,2.655,2.655,2.654,No clear-cut,364.92800000000005,0.0,0.0,408.0,0.40758329508826135,0,35.443037974683534,26.153846153846132
0,04_184A004,Wet,0.124,0.126,0.125,0.125,3.0180000000000002,3.085,3.0469999999999997,3.04,All clear-cut,364.92800000000005,55.833999999999996,0.153,442.0,0.4417070096358657,0,56.96202531645568,45.09615384615387
0,04_184A004,Wet&mild,0.133,0.134,0.134,0.134,3.4610000000000003,3.495,3.498,3.4939999999999998,No clear-cut,364.92800000000005,0.0,0.0,348.0,0.347976107429713,0,68.35443037974684,66.3942307692308
0,04_184A004,Wet&mild,0.157,0.16,0.159,0.159,3.926,3.9960000000000004,3.9819999999999998,3.971,All clear-cut,364.92800000000005,55.833999999999996,0.153,371.0,0.37074918607249857,0,98.73417721518987,88.75
0,04_184A005,2003-2012,0.049,0.048,0.085,0.048,1.722,1.923,2.846,1.9780000000000002,No clear-cut,57.882,0.0,0.0,215.0,0.21523111735004927,0,0.0,0.0
0,04_184A005,2003-2012,0.085,0.096,0.13699999999999998,0.1,2.909,3.4,4.375,3.613,All clear-cut,57.882,24.909000000000002,0.4303,285.0,0.2851732584415004,0,73.46938775510205,68.931475029036
0,04_184A005,Dry,0.001,0.001,0.001,0.001,0.094,0.086,0.10400000000000001,0.122,No clear-cut,57.882,0.0,0.0,30.0,0.02956163745257072,0,-97.95918367346938,-94.54123112659698
0,04_184A005,Dry,0.013000000000000001,0.013000000000000001,0.015,0.016,0.7490000000000001,0.762,0.92,1.002,All clear-cut,57.882,24.909000000000002,0.4303,65.0,0.06476206248044036,0,-73.46938775510205,-56.504065040650396
0,04_184A005,Wet,0.077,0.078,0.078,0.078,2.372,2.418,2.403,2.399,No clear-cut,57.882,0.0,0.0,351.0,0.35123989703133696,0,57.14285714285714,37.74680603948897
0,04_184A005,Wet,0.114,0.11800000000000001,0.114,0.113,3.611,3.7289999999999996,3.6210000000000004,3.603,All clear-cut,57.882,24.909000000000002,0.4303,452.0,0.4522434391081333,0,132.6530612244898,109.69802555168408
0,04_184A005,Wet&mild,0.081,0.08199999999999999,0.08199999999999999,0.08199999999999999,2.845,2.895,2.886,2.886,No clear-cut,57.882,0.0,0.0,305.0,0.3048757066484541,0,65.30612244897961,65.21486643437865
0,04_184A005,Wet&mild,0.135,0.141,0.138,0.13699999999999998,4.258,4.406000000000001,4.335,4.315,All clear-cut,57.882,24.909000000000002,0.4303,370.0,0.3695715924724937,0,175.51020408163265,147.2706155632985
0,04_184A006,2003-2012,0.065,0.063,0.11599999999999999,0.055999999999999994,1.5959999999999999,1.716,2.74,1.64,No clear-cut,55.526,0.0,0.0,235.0,0.2354124157107435,0,0.0,0.0
0,04_184A006,2003-2012,0.08800000000000001,0.092,0.152,0.087,2.037,2.2,3.385,2.29,All clear-cut,55.526,15.898,0.2863,278.0,0.27793396486667915,0,35.38461538461539,27.631578947368425
0,04_184A006,Dry,0.002,0.002,0.003,0.003,0.094,0.087,0.10400000000000001,0.121,No clear-cut,55.526,0.0,0.0,36.0,0.03551487154327333,0,-96.92307692307692,-94.11027568922306
0,04_184A006,Dry,0.009000000000000001,0.009000000000000001,0.011000000000000001,0.012,0.276,0.275,0.324,0.355,All clear-cut,55.526,15.898,0.2863,58.0,0.05810288278153166,0,-86.15384615384616,-82.70676691729324
0,04_184A006,Wet,0.092,0.09300000000000001,0.09300000000000001,0.09300000000000001,2.08,2.115,2.113,2.113,No clear-cut,55.526,0.0,0.0,390.0,0.3904582537710667,0,41.53846153846152,30.325814536340857
0,04_184A006,Wet,0.115,0.11900000000000001,0.11599999999999999,0.11599999999999999,2.5839999999999996,2.6519999999999997,2.614,2.6069999999999998,All clear-cut,55.526,15.898,0.2863,446.0,0.446310053486377,0,76.9230769230769,61.9047619047619
0,04_184A006,Wet&mild,0.106,0.10800000000000001,0.10800000000000001,0.10800000000000001,2.6069999999999998,2.645,2.6460000000000004,2.645,No clear-cut,55.526,0.0,0.0,324.0,0.3240709161385894,0,63.076923076923066,63.34586466165413
0,04_184A006,Wet&mild,0.14400000000000002,0.149,0.147,0.146,3.2739999999999996,3.361,3.3360000000000003,3.325,All clear-cut,55.526,15.898,0.2863,366.0,0.36585574168711893,0,121.53846153846155,105.1378446115288
0,04_184A007,2003-2012,0.065,0.07,0.11199999999999999,0.057,1.6,1.9080000000000001,2.676,1.722,No clear-cut,69.939,0.0,0.0,247.0,0.2468854198406916,0,0.0,0.0
0,04_184A007,2003-2012,0.066,0.071,0.114,0.059000000000000004,1.6219999999999999,1.9369999999999998,2.708,1.7530000000000001,All clear-cut,69.939,0.512,0.0073,248.0,0.2478404002671596,0,1.538461538461533,1.375
0,04_184A007,Dry,0.002,0.002,0.002,0.002,0.099,0.096,0.11,0.12,No clear-cut,69.939,0.0,0.0,45.0,0.045423175120959065,0,-96.92307692307692,-93.8125
0,04_184A007,Dry,0.002,0.002,0.002,0.003,0.105,0.102,0.11699999999999999,0.129,All clear-cut,69.939,0.512,0.0073,46.0,0.045936857868218786,0,-96.92307692307692,-93.4375
0,04_184A007,Wet,0.08800000000000001,0.08900000000000001,0.08900000000000001,0.08900000000000001,1.983,2.004,2.003,2.003,No clear-cut,69.939,0.0,0.0,387.0,0.3868670418858528,0,35.38461538461539,23.937499999999986
0,04_184A007,Wet,0.08900000000000001,0.09,0.09,0.09,2.019,2.044,2.039,2.0380000000000003,All clear-cut,69.939,0.512,0.0073,388.0,0.38814829466864464,0,36.923076923076934,26.187500000000014
0,04_184A007,Wet&mild,0.102,0.10300000000000001,0.10300000000000001,0.10300000000000001,2.595,2.6180000000000003,2.6210000000000004,2.616,No clear-cut,69.939,0.0,0.0,333.0,0.333404663996771,0,56.923076923076906,62.1875
0,04_184A007,Wet&mild,0.10400000000000001,0.106,0.106,0.105,2.6319999999999997,2.658,2.659,2.654,All clear-cut,69.939,0.512,0.0073,334.0,0.3343090326525271,0,60.0,64.49999999999997
0,04_184A008,2003-2012,0.08199999999999999,0.084,0.14300000000000002,0.077,2.064,2.258,3.435,2.2569999999999997,No clear-cut,1155.61,0.0,0.0,276.0,0.2759097771719098,0,0.0,0.0
0,04_184A008,2003-2012,0.095,0.10099999999999999,0.163,0.095,2.351,2.6,3.833,2.6660000000000004,All clear-cut,1155.61,153.72799999999998,0.133,295.0,0.2953827826771885,0,15.853658536585385,13.905038759689916
0,04_184A008,Dry,0.006,0.005,0.006,0.006999999999999999,0.23199999999999998,0.226,0.261,0.285,No clear-cut,1155.61,0.0,0.0,67.0,0.06697892379015684,0,-92.6829268292683,-88.75968992248062
0,04_184A008,Dry,0.01,0.01,0.012,0.012,0.37200000000000005,0.376,0.434,0.46299999999999997,All clear-cut,1155.61,153.72799999999998,0.133,77.0,0.07723116967827083,0,-87.80487804878048,-81.97674418604652
0,04_184A008,Wet,0.11,0.111,0.111,0.111,2.645,2.679,2.679,2.678,No clear-cut,1155.61,0.0,0.0,428.0,0.428302105050534,0,34.14634146341464,28.149224806201545
0,04_184A008,Wet,0.12300000000000001,0.126,0.125,0.124,2.967,3.0269999999999997,3.0,2.995,All clear-cut,1155.61,153.72799999999998,0.133,454.0,0.4543804219923914,0,50.00000000000006,43.75
0,04_184A008,Wet&mild,0.136,0.13699999999999998,0.13699999999999998,0.13699999999999998,3.387,3.425,3.429,3.425,No clear-cut,1155.61,0.0,0.0,364.0,0.36421788670122623,0,65.85365853658541,64.0988372093023
0,04_184A008,Wet&mild,0.156,0.159,0.158,0.158,3.78,3.847,3.8369999999999997,3.827,All clear-cut,1155.61,153.72799999999998,0.133,383.0,0.3829663995653391,0,90.2439024390244,83.13953488372093
0,04_184A009,2003-2012,0.065,0.061,0.115,0.064,1.7919999999999998,1.795,3.0589999999999997,2.003,No clear-cut,85.04299999999999,0.0,0.0,237.0,0.23666886653518304,0,0.0,0.0
0,04_184A009,2003-2012,0.091,0.094,0.152,0.102,2.5269999999999997,2.76,4.022,3.035,All clear-cut,85.04299999999999,19.328,0.2273,275.0,0.274807170976419,0,40.0,41.015625
0,04_184A009,Dry,0.002,0.002,0.002,0.003,0.086,0.079,0.095,0.111,No clear-cut,85.04299999999999,0.0,0.0,46.0,0.046143988124094905,0,-96.92307692307692,-95.20089285714286
0,04_184A009,Dry,0.009000000000000001,0.009000000000000001,0.011000000000000001,0.012,0.41600000000000004,0.39799999999999996,0.508,0.584,All clear-cut,85.04299999999999,19.328,0.2273,62.0,0.06207224013051017,0,-86.15384615384616,-76.78571428571428
0,04_184A009,Wet,0.09699999999999999,0.099,0.099,0.099,2.49,2.543,2.546,2.541,No clear-cut,85.04299999999999,0.0,0.0,385.0,0.3848417552188039,0,49.2307692307692,38.95089285714289
0,04_184A009,Wet,0.12300000000000001,0.128,0.126,0.125,3.2460000000000004,3.359,3.305,3.29,All clear-cut,85.04299999999999,19.328,0.2273,436.0,0.4357044568285346,0,89.23076923076925,81.13839285714292
0,04_184A009,Wet&mild,0.113,0.115,0.115,0.115,3.0860000000000003,3.145,3.1519999999999997,3.15,No clear-cut,85.04299999999999,0.0,0.0,327.0,0.32656070347875354,0,73.84615384615384,72.20982142857147
0,04_184A009,Wet&mild,0.152,0.158,0.157,0.156,3.99,4.121,4.099,4.087,All clear-cut,85.04299999999999,19.328,0.2273,364.0,0.3637853184714913,0,133.8461538461538,122.65625000000006
0,04_184A011,2003-2012,0.061,0.059000000000000004,0.098,0.062,1.444,1.445,2.323,1.609,No clear-cut,47.898,0.0,0.0,284.0,0.2839915008051321,0,0.0,0.0
0,04_184A011,2003-2012,0.07400000000000001,0.077,0.11699999999999999,0.08,1.724,1.84,2.688,1.976,All clear-cut,47.898,9.37,0.1956,314.0,0.31365083607379346,0,21.311475409836092,19.39058171745151
0,04_184A011,Dry,0.005,0.005,0.006,0.006,0.149,0.14400000000000002,0.166,0.182,No clear-cut,47.898,0.0,0.0,76.0,0.0758717589545995,0,-91.80327868852459,-89.68144044321329
0,04_184A011,Dry,0.009000000000000001,0.009000000000000001,0.011000000000000001,0.012,0.263,0.264,0.309,0.332,All clear-cut,47.898,9.37,0.1956,90.0,0.08954387281555683,0,-85.24590163934425,-81.78670360110803
0,04_184A011,Wet,0.084,0.086,0.086,0.086,1.933,1.972,1.975,1.975,No clear-cut,47.898,0.0,0.0,438.0,0.4384381407871841,0,37.70491803278691,33.86426592797784
0,04_184A011,Wet,0.09699999999999999,0.10099999999999999,0.1,0.099,2.234,2.316,2.279,2.2680000000000002,All clear-cut,47.898,9.37,0.1956,477.0,0.4774052267894149,0,59.01639344262293,54.70914127423822
0,04_184A011,Wet&mild,0.102,0.10400000000000001,0.10400000000000001,0.10400000000000001,2.4730000000000003,2.517,2.523,2.523,No clear-cut,47.898,0.0,0.0,374.0,0.3737636211328209,0,67.21311475409834,71.26038781163436
0,04_184A011,Wet&mild,0.12300000000000001,0.128,0.127,0.126,2.867,2.9560000000000004,2.937,2.923,All clear-cut,47.898,9.37,0.1956,402.0,0.4020580930635333,0,101.63934426229511,98.54570637119113
0,04_184A012,2003-2012,0.059000000000000004,0.061,0.1,0.057,1.273,1.3940000000000001,2.103,1.399,No clear-cut,51.68600000000001,0.0,0.0,298.0,0.2979397552087903,0,0.0,0.0
0,04_184A012,2003-2012,0.071,0.078,0.11800000000000001,0.071,1.501,1.695,2.4419999999999997,1.715,All clear-cut,51.68600000000001,10.214,0.1976,319.0,0.3192110528005287,0,20.338983050847446,17.910447761194035
0,04_184A012,Dry,0.003,0.003,0.004,0.004,0.11199999999999999,0.11199999999999999,0.122,0.128,No clear-cut,51.68600000000001,0.0,0.0,83.0,0.08299086573533714,0,-94.91525423728814,-91.20188531029065
0,04_184A012,Dry,0.008,0.009000000000000001,0.009000000000000001,0.009000000000000001,0.231,0.242,0.267,0.272,All clear-cut,51.68600000000001,10.214,0.1976,98.0,0.09791035309899597,0,-86.4406779661017,-81.85388845247446
0,04_184A012,Wet,0.077,0.078,0.078,0.078,1.575,1.594,1.595,1.595,No clear-cut,51.68600000000001,0.0,0.0,443.0,0.443491783272475,0,30.50847457627117,23.723487824037704
0,04_184A012,Wet,0.08900000000000001,0.091,0.08900000000000001,0.08800000000000001,1.86,1.909,1.886,1.8780000000000001,All clear-cut,51.68600000000001,10.214,0.1976,474.0,0.4743324939161539,0,50.847457627118644,46.111547525530256
0,04_184A012,Wet&mild,0.094,0.095,0.095,0.095,2.101,2.122,2.127,2.124,No clear-cut,51.68600000000001,0.0,0.0,384.0,0.3844176261685789,0,59.32203389830508,65.04320502749411
0,04_184A012,Wet&mild,0.114,0.11699999999999999,0.11599999999999999,0.115,2.467,2.526,2.5140000000000002,2.503,All clear-cut,51.68600000000001,10.214,0.1976,403.0,0.4031728130765259,0,93.22033898305085,93.79418695993718
0,04_184A013,2003-2012,0.08800000000000001,0.094,0.154,0.087,1.859,2.053,3.1830000000000003,2.175,No clear-cut,77.286,0.0,0.0,310.0,0.3103370310273021,0,0.0,0.0
0,04_184A013,2003-2012,0.111,0.122,0.19,0.12,2.314,2.6010000000000004,3.842,2.822,All clear-cut,77.286,15.283,0.1977,337.0,0.3373187273973599,0,26.136363636363626,24.47552447552448
0,04_184A013,Dry,0.006,0.006,0.006999999999999999,0.006999999999999999,0.195,0.203,0.214,0.218,No clear-cut,77.286,0.0,0.0,97.0,0.09706143500516193,0,-93.18181818181819,-89.5104895104895
0,04_184A013,Dry,0.015,0.017,0.018000000000000002,0.017,0.42,0.46,0.484,0.483,All clear-cut,77.286,15.283,0.1977,112.0,0.112247190088965,0,-82.95454545454545,-77.40720817643894
0,04_184A013,Wet,0.111,0.11199999999999999,0.11199999999999999,0.11199999999999999,2.32,2.3369999999999997,2.336,2.3369999999999997,No clear-cut,77.286,0.0,0.0,452.0,0.4520570040680468,0,26.136363636363626,24.798278644432486
0,04_184A013,Wet,0.13699999999999998,0.14,0.13699999999999998,0.13699999999999998,2.907,2.9730000000000003,2.9210000000000003,2.911,All clear-cut,77.286,15.283,0.1977,490.0,0.4900744229555129,0,55.68181818181813,56.37439483593329
0,04_184A013,Wet&mild,0.14400000000000002,0.145,0.145,0.145,3.153,3.168,3.174,3.1689999999999996,No clear-cut,77.286,0.0,0.0,398.0,0.3976227153092623,0,63.636363636363654,69.60731576116191
0,04_184A013,Wet&mild,0.18100000000000002,0.185,0.183,0.183,3.8160000000000003,3.8819999999999997,3.863,3.8489999999999998,All clear-cut,77.286,15.283,0.1977,423.0,0.4226322068832815,0,105.68181818181816,105.27165142549762
0,04_184A014,2003-2012,0.047,0.036000000000000004,0.081,0.043,3.411,3.3689999999999998,5.62,3.4939999999999998,No clear-cut,341.14599999999996,0.0,0.0,215.0,0.21526069736573844,0,0.0,0.0
0,04_184A014,2003-2012,0.055999999999999994,0.047,0.09300000000000001,0.054000000000000006,3.781,3.826,6.097,3.985,All clear-cut,341.14599999999996,35.994,0.1055,232.0,0.23194516978692264,0,19.148936170212764,10.847258868367064
0,04_184A014,Dry,0.001,0.001,0.001,0.002,0.182,0.151,0.201,0.263,No clear-cut,341.14599999999996,0.0,0.0,27.0,0.027034128305967898,0,-97.87234042553192,-94.66432131339783
0,04_184A014,Dry,0.003,0.003,0.004,0.004,0.35600000000000004,0.29600000000000004,0.41200000000000003,0.537,All clear-cut,341.14599999999996,35.994,0.1055,35.0,0.034633341175504026,0,-93.61702127659575,-89.56317795367927
0,04_184A014,Wet,0.07400000000000001,0.077,0.077,0.077,4.338,4.465,4.489,4.49,No clear-cut,341.14599999999996,0.0,0.0,380.0,0.3798252087086439,0,57.446808510638334,27.17678100263852
0,04_184A014,Wet,0.083,0.086,0.086,0.086,4.688,4.849,4.849,4.8389999999999995,All clear-cut,341.14599999999996,35.994,0.1055,401.0,0.4014846611768007,0,76.59574468085106,37.43770155379653
0,04_184A014,Wet&mild,0.07200000000000001,0.07400000000000001,0.075,0.075,4.834,4.998,5.055,5.07,No clear-cut,341.14599999999996,0.0,0.0,306.0,0.3058905450627208,0,53.19148936170214,41.717971269422435
0,04_184A014,Wet&mild,0.085,0.08900000000000001,0.08900000000000001,0.08900000000000001,5.257999999999999,5.4639999999999995,5.507000000000001,5.51,All clear-cut,341.14599999999996,35.994,0.1055,322.0,0.32206518240273,0,80.85106382978725,54.14834359425387
0,04_184A015,2003-2012,0.071,0.07200000000000001,0.12,0.066,1.8259999999999998,1.9669999999999999,3.0260000000000002,1.975,No clear-cut,269.082,0.0,0.0,249.0,0.2493736943230033,0,0.0,0.0
0,04_184A015,2003-2012,0.08900000000000001,0.095,0.146,0.091,2.28,2.549,3.6319999999999997,2.6,All clear-cut,269.082,49.792,0.185,279.0,0.27861253179144113,0,25.352112676056365,24.863088718510397
0,04_184A015,Dry,0.003,0.003,0.004,0.004,0.13699999999999998,0.131,0.154,0.17300000000000001,No clear-cut,269.082,0.0,0.0,50.0,0.0501433058292605,0,-95.77464788732394,-92.4972617743702
0,04_184A015,Dry,0.009000000000000001,0.009000000000000001,0.011000000000000001,0.012,0.34299999999999997,0.34299999999999997,0.41200000000000003,0.45,All clear-cut,269.082,49.792,0.185,64.0,0.06444363304181025,0,-87.32394366197182,-81.2157721796276
0,04_184A015,Wet,0.098,0.1,0.1,0.1,2.394,2.435,2.4330000000000003,2.4330000000000003,No clear-cut,269.082,0.0,0.0,398.0,0.3984449700452387,0,38.02816901408451,31.10624315443596
0,04_184A015,Wet,0.11699999999999999,0.121,0.11900000000000001,0.11900000000000001,2.891,2.9819999999999998,2.9339999999999997,2.923,All clear-cut,269.082,49.792,0.185,438.0,0.4378245241940021,0,64.7887323943662,58.324205914567386
0,04_184A015,Wet&mild,0.11800000000000001,0.11900000000000001,0.11900000000000001,0.11900000000000001,3.053,3.096,3.0980000000000003,3.097,No clear-cut,269.082,0.0,0.0,339.0,0.33865444697439673,0,66.19718309859158,67.19605695509313
0,04_184A015,Wet&mild,0.146,0.15,0.149,0.14800000000000002,3.65,3.748,3.725,3.713,All clear-cut,269.082,49.792,0.185,367.0,0.3668636783026159,0,105.63380281690141,99.89047097480835
0,04_184A016,2003-2012,0.064,0.064,0.10800000000000001,0.062,1.785,1.8869999999999998,2.927,1.9709999999999999,No clear-cut,222.362,0.0,0.0,262.0,0.2619388889637776,0,0.0,0.0
0,04_184A016,2003-2012,0.08,0.084,0.131,0.083,2.18,2.362,3.471,2.52,All clear-cut,222.362,50.586000000000006,0.2275,294.0,0.2941617386066355,0,25.0,22.128851540616253
0,04_184A016,Dry,0.003,0.003,0.003,0.004,0.162,0.154,0.18,0.203,No clear-cut,222.362,0.0,0.0,53.0,0.05313889960525557,0,-95.3125,-90.92436974789916
0,04_184A016,Dry,0.008,0.008,0.009000000000000001,0.01,0.34299999999999997,0.341,0.408,0.445,All clear-cut,222.362,50.586000000000006,0.2275,70.0,0.06971310036024078,0,-87.5,-80.7843137254902
0,04_184A016,Wet,0.087,0.08800000000000001,0.08800000000000001,0.08800000000000001,2.322,2.362,2.363,2.362,No clear-cut,222.362,0.0,0.0,418.0,0.4184987813234329,0,35.93749999999997,30.08403361344537
0,04_184A016,Wet,0.10300000000000001,0.106,0.10400000000000001,0.10400000000000001,2.747,2.8280000000000003,2.7969999999999997,2.787,All clear-cut,222.362,50.586000000000006,0.2275,461.0,0.4606904155574739,0,60.9375,53.893557422969195
0,04_184A016,Wet&mild,0.105,0.106,0.106,0.106,2.906,2.951,2.9539999999999997,2.9530000000000003,No clear-cut,222.362,0.0,0.0,352.0,0.3519105363637209,0,64.0625,62.80112044817929
0,04_184A016,Wet&mild,0.13,0.135,0.134,0.133,3.449,3.5439999999999996,3.528,3.516,All clear-cut,222.362,50.586000000000006,0.2275,383.0,0.3833354037255049,0,103.125,93.22128851540617
0,04_184A017,2003-2012,0.04,0.038,0.063,0.04,1.2329999999999999,1.228,2.012,1.338,No clear-cut,32.946999999999996,0.0,0.0,297.0,0.29738950221799315,0,0.0,0.0
0,04_184A017,2003-2012,0.043,0.042,0.068,0.043,1.3019999999999998,1.32,2.109,1.43,All clear-cut,32.946999999999996,2.227,0.0676,306.0,0.3057808612473309,0,7.5,5.59610705596107
0,04_184A017,Dry,0.003,0.003,0.003,0.004,0.11900000000000001,0.111,0.131,0.149,No clear-cut,32.946999999999996,0.0,0.0,63.0,0.06288573679048567,0,-92.5,-90.34874290348743
0,04_184A017,Dry,0.004,0.004,0.005,0.005,0.14800000000000002,0.141,0.168,0.188,All clear-cut,32.946999999999996,2.227,0.0676,68.0,0.0679875607835129,0,-90.0,-87.99675587996755
0,04_184A017,Wet,0.05,0.051,0.051,0.051,1.581,1.609,1.611,1.61,No clear-cut,32.946999999999996,0.0,0.0,463.0,0.4628461607731879,0,25.0,28.223844282238446
0,04_184A017,Wet,0.053,0.054000000000000006,0.054000000000000006,0.053,1.665,1.702,1.6969999999999998,1.694,All clear-cut,32.946999999999996,2.227,0.0676,475.0,0.4745224951766431,0,32.5,35.036496350364985
0,04_184A017,Wet&mild,0.055,0.055999999999999994,0.055999999999999994,0.055999999999999994,1.821,1.8559999999999999,1.861,1.86,No clear-cut,32.946999999999996,0.0,0.0,390.0,0.3895505243912339,0,37.5,47.68856447688566
0,04_184A017,Wet&mild,0.061,0.062,0.062,0.062,1.929,1.9769999999999999,1.976,1.972,All clear-cut,32.946999999999996,2.227,0.0676,397.0,0.3971523928456008,0,52.5,56.44768856447689
0,04_184U0001,2003-2012,0.09699999999999999,0.09699999999999999,0.172,0.08800000000000001,2.168,2.281,3.668,2.33,No clear-cut,73.344,0.0,0.0,266.0,0.265978137543425,0,0.0,0.0
0,04_184U0001,2003-2012,0.115,0.11800000000000001,0.198,0.114,2.524,2.735,4.1610000000000005,2.8110000000000004,All clear-cut,73.344,10.189,0.1389,286.0,0.2855104511138052,0,18.556701030927854,16.42066420664206
0,04_184U0001,Dry,0.006999999999999999,0.006999999999999999,0.008,0.008,0.203,0.205,0.228,0.24,No clear-cut,73.344,0.0,0.0,69.0,0.06896821586415172,0,-92.78350515463917,-90.63653136531366
0,04_184U0001,Dry,0.013000000000000001,0.013999999999999999,0.015,0.016,0.358,0.374,0.415,0.43,All clear-cut,73.344,10.189,0.1389,79.0,0.07860315083526075,0,-86.5979381443299,-83.48708487084872
0,04_184U0001,Wet,0.136,0.138,0.138,0.138,2.927,2.966,2.969,2.969,No clear-cut,73.344,0.0,0.0,410.0,0.4098628466948867,0,40.20618556701035,35.009225092250915
0,04_184U0001,Wet,0.156,0.16,0.159,0.159,3.364,3.448,3.405,3.398,All clear-cut,73.344,10.189,0.1389,437.0,0.4369887851178646,0,60.82474226804126,55.16605166051659
0,04_184U0001,Wet&mild,0.175,0.17600000000000002,0.177,0.17600000000000002,3.88,3.9160000000000004,3.925,3.9219999999999997,No clear-cut,73.344,0.0,0.0,358.0,0.3575633029453457,0,80.41237113402062,78.96678966789665
0,04_184U0001,Wet&mild,0.20199999999999999,0.20600000000000002,0.20600000000000002,0.205,4.378,4.456,4.445,4.437,All clear-cut,73.344,10.189,0.1389,376.0,0.3760402431711555,0,108.2474226804124,101.93726937269375
0,04_184U0002,2003-2012,0.091,0.092,0.161,0.08800000000000001,2.0469999999999997,2.1590000000000003,3.452,2.255,No clear-cut,98.97,0.0,0.0,324.0,0.32377614034339786,0,0.0,0.0
0,04_184U0002,2003-2012,0.095,0.09699999999999999,0.166,0.09300000000000001,2.115,2.242,3.55,2.355,All clear-cut,98.97,2.97,0.03,329.0,0.3290065582143143,0,4.395604395604408,3.3219345383488417
0,04_184U0002,Dry,0.01,0.01,0.011000000000000001,0.012,0.332,0.341,0.36700000000000005,0.377,No clear-cut,98.97,0.0,0.0,106.0,0.10624845966231078,0,-89.01098901098901,-83.78114313629702
0,04_184U0002,Dry,0.011000000000000001,0.012,0.012,0.013000000000000001,0.361,0.373,0.40299999999999997,0.413,All clear-cut,98.97,2.97,0.03,108.0,0.10843398896977303,0,-87.91208791208791,-82.36443575964826
0,04_184U0002,Wet,0.11800000000000001,0.11900000000000001,0.11900000000000001,0.11900000000000001,2.635,2.659,2.659,2.658,No clear-cut,98.97,0.0,0.0,474.0,0.4742359146475792,0,29.670329670329664,28.724963361016137
0,04_184U0002,Wet,0.122,0.12300000000000001,0.12300000000000001,0.12300000000000001,2.71,2.741,2.737,2.735,All clear-cut,98.97,2.97,0.03,481.0,0.4810459222644568,0,34.065934065934044,32.388861748900865
0,04_184U0002,Wet&mild,0.155,0.156,0.156,0.156,3.472,3.495,3.5,3.4939999999999998,No clear-cut,98.97,0.0,0.0,411.0,0.4112165197730064,0,70.32967032967034,69.6140693698095
0,04_184U0002,Wet&mild,0.16,0.162,0.162,0.162,3.569,3.6,3.6039999999999996,3.597,All clear-cut,98.97,2.97,0.03,416.0,0.4164266316220164,0,75.82417582417585,74.35271128480704
0,04_184U0003,2003-2012,0.066,0.066,0.109,0.067,2.2430000000000003,2.47,3.469,2.5839999999999996,No clear-cut,244.173,0.0,0.0,278.0,0.2783090548589825,0,0.0,0.0
0,04_184U0003,2003-2012,0.076,0.078,0.12300000000000001,0.079,2.494,2.781,3.8110000000000004,2.903,All clear-cut,244.173,29.568,0.1211,296.0,0.2964108798187226,0,15.151515151515142,11.190370040124819
0,04_184U0003,Dry,0.004,0.003,0.004,0.004,0.396,0.382,0.447,0.495,No clear-cut,244.173,0.0,0.0,70.0,0.06971363702323287,0,-93.93939393939394,-82.34507356219349
0,04_184U0003,Dry,0.006999999999999999,0.006999999999999999,0.008,0.009000000000000001,0.528,0.514,0.614,0.6729999999999999,All clear-cut,244.173,29.568,0.1211,78.0,0.07828981017228216,0,-89.39393939393939,-76.46009808292466
0,04_184U0003,Wet,0.092,0.094,0.094,0.094,2.8339999999999996,2.883,2.885,2.887,No clear-cut,244.173,0.0,0.0,428.0,0.42762998836115,0,39.39393939393938,26.348640213999076
0,04_184U0003,Wet,0.102,0.106,0.105,0.105,3.112,3.197,3.175,3.167,All clear-cut,244.173,29.568,0.1211,452.0,0.4523991215974093,0,54.54545454545453,38.742755238519834
0,04_184U0003,Wet&mild,0.109,0.111,0.111,0.111,3.638,3.695,3.7060000000000004,3.71,No clear-cut,244.173,0.0,0.0,368.0,0.3676671653985977,0,65.15151515151513,62.193490860454716
0,04_184U0003,Wet&mild,0.124,0.127,0.127,0.127,3.972,4.064,4.065,4.062,All clear-cut,244.173,29.568,0.1211,385.0,0.384952034894377,0,87.87878787878788,77.0842621489077
0,04_184U0004,2003-2012,0.069,0.068,0.126,0.062,2.256,2.667,3.737,2.4,No clear-cut,65.485,0.0,0.0,243.0,0.24283893613610416,0,0.0,0.0
0,04_184U0004,2003-2012,0.07200000000000001,0.073,0.131,0.066,2.326,2.739,3.838,2.502,All clear-cut,65.485,3.072,0.0469,250.0,0.24986139298416676,0,4.347826086956516,3.102836879432644
0,04_184U0004,Dry,0.002,0.002,0.002,0.003,0.32299999999999995,0.302,0.364,0.42,No clear-cut,65.485,0.0,0.0,40.0,0.039766614185646185,0,-97.10144927536231,-85.68262411347519
0,04_184U0004,Dry,0.003,0.002,0.003,0.003,0.35600000000000004,0.337,0.40299999999999997,0.46,All clear-cut,65.485,3.072,0.0469,43.0,0.04314222586108372,0,-95.65217391304348,-84.21985815602837
0,04_184U0004,Wet,0.09699999999999999,0.099,0.099,0.099,2.8,2.838,2.82,2.819,No clear-cut,65.485,0.0,0.0,399.0,0.398699404578656,0,40.5797101449275,24.113475177304977
0,04_184U0004,Wet,0.1,0.102,0.102,0.10099999999999999,2.878,2.92,2.8960000000000004,2.8930000000000002,All clear-cut,65.485,3.072,0.0469,408.0,0.40765855805948376,0,44.92753623188406,27.570921985815616
0,04_184U0004,Wet&mild,0.113,0.114,0.114,0.114,3.585,3.634,3.62,3.615,No clear-cut,65.485,0.0,0.0,330.0,0.3296692670322955,0,63.76811594202897,58.90957446808511
0,04_184U0004,Wet&mild,0.11800000000000001,0.12,0.12,0.11900000000000001,3.69,3.745,3.725,3.719,All clear-cut,65.485,3.072,0.0469,337.0,0.3365291633643211,0,71.01449275362319,63.563829787234056
0,04_184U0005,2003-2012,0.055,0.052000000000000005,0.099,0.046,1.544,1.682,2.66,1.5759999999999998,No clear-cut,50.33,0.0,0.0,229.0,0.22893518388736994,0,0.0,0.0
0,04_184U0005,2003-2012,0.062,0.06,0.109,0.054000000000000006,1.673,1.8159999999999998,2.844,1.761,All clear-cut,50.33,4.838,0.0961,242.0,0.24190318684559314,0,12.72727272727272,8.35492227979276
0,04_184U0005,Dry,0.001,0.001,0.001,0.001,0.057999999999999996,0.052000000000000005,0.063,0.075,No clear-cut,50.33,0.0,0.0,26.0,0.02550809416570701,0,-98.18181818181819,-96.24352331606218
0,04_184U0005,Dry,0.002,0.002,0.002,0.003,0.10300000000000001,0.095,0.11699999999999999,0.138,All clear-cut,50.33,4.838,0.0961,33.0,0.03266056202701293,0,-96.36363636363636,-93.32901554404145
0,04_184U0005,Wet,0.083,0.084,0.084,0.084,2.006,2.0380000000000003,2.036,2.036,No clear-cut,50.33,0.0,0.0,389.0,0.3889183822087944,0,50.909090909090935,29.92227979274608
0,04_184U0005,Wet,0.08900000000000001,0.091,0.09,0.09,2.161,2.206,2.191,2.188,All clear-cut,50.33,4.838,0.0961,406.0,0.4058841766789555,0,61.81818181818184,39.961139896373055
0,04_184U0005,Wet&mild,0.08800000000000001,0.08900000000000001,0.08900000000000001,0.08900000000000001,2.5069999999999997,2.546,2.546,2.544,No clear-cut,50.33,0.0,0.0,316.0,0.3157251675613225,0,60.0,62.3704663212435
0,04_184U0005,Wet&mild,0.098,0.10099999999999999,0.1,0.099,2.699,2.7539999999999996,2.745,2.739,All clear-cut,50.33,4.838,0.0961,328.0,0.328322340361774,0,78.18181818181819,74.80569948186528
0,04_184U0006,2003-2012,0.059000000000000004,0.055,0.10099999999999999,0.048,1.761,1.9040000000000001,2.884,1.808,No clear-cut,62.25899999999999,0.0,0.0,248.0,0.2478404820896685,0,0.0,0.0
0,04_184U0006,2003-2012,0.07,0.071,0.11800000000000001,0.062,2.131,2.3369999999999997,3.364,2.32,All clear-cut,62.25899999999999,10.547,0.1694,273.0,0.2731081959558651,0,18.64406779661016,21.010789324247582
0,04_184U0006,Dry,0.002,0.002,0.003,0.003,0.21,0.19399999999999998,0.23800000000000002,0.278,No clear-cut,62.25899999999999,0.0,0.0,41.0,0.04135021416004747,0,-96.61016949152543,-88.07495741056218
0,04_184U0006,Dry,0.006,0.006,0.006999999999999999,0.006999999999999999,0.42,0.41100000000000003,0.499,0.555,All clear-cut,62.25899999999999,10.547,0.1694,55.0,0.05522702541202307,0,-89.83050847457628,-76.14991482112436
0,04_184U0006,Wet,0.084,0.085,0.085,0.085,2.185,2.217,2.2159999999999997,2.215,No clear-cut,62.25899999999999,0.0,0.0,405.0,0.4052127603441477,0,42.37288135593221,24.077228847245905
0,04_184U0006,Wet,0.094,0.096,0.094,0.094,2.555,2.61,2.5789999999999997,2.572,All clear-cut,62.25899999999999,10.547,0.1694,439.0,0.4392255974002183,0,59.32203389830508,45.088018171493474
0,04_184U0006,Wet&mild,0.09,0.092,0.092,0.091,2.7560000000000002,2.7960000000000003,2.7969999999999997,2.7960000000000003,No clear-cut,62.25899999999999,0.0,0.0,337.0,0.3370833219029009,0,52.54237288135593,56.50198750709828
0,04_184U0006,Wet&mild,0.10800000000000001,0.111,0.109,0.10800000000000001,3.216,3.2910000000000004,3.267,3.2569999999999997,All clear-cut,62.25899999999999,10.547,0.1694,361.0,0.36108319386839866,0,83.05084745762713,82.62350936967636
0,04_184U0007,2003-2012,0.08900000000000001,0.08800000000000001,0.153,0.08,2.028,2.153,3.404,2.174,No clear-cut,19.584,0.0,0.0,282.0,0.2818968585517723,0,0.0,0.0
0,04_184U0007,2003-2012,0.08900000000000001,0.08800000000000001,0.153,0.08,2.028,2.153,3.404,2.174,All clear-cut,19.584,0.0,0.0,282.0,0.2818968585517723,0,0.0,0.0
0,04_184U0007,Dry,0.005,0.005,0.006,0.006,0.192,0.18899999999999997,0.22,0.239,No clear-cut,19.584,0.0,0.0,55.0,0.05525674070231616,0,-94.38202247191012,-90.53254437869822
0,04_184U0007,Dry,0.005,0.005,0.006,0.006,0.192,0.18899999999999997,0.22,0.239,All clear-cut,19.584,0.0,0.0,55.0,0.05525674070231616,0,-94.38202247191012,-90.53254437869822
0,04_184U0007,Wet,0.11800000000000001,0.11900000000000001,0.11900000000000001,0.11900000000000001,2.594,2.617,2.6180000000000003,2.6180000000000003,No clear-cut,19.584,0.0,0.0,442.0,0.44206075370311737,0,32.58426966292134,27.909270216962526
0,04_184U0007,Wet,0.11800000000000001,0.11900000000000001,0.11900000000000001,0.11900000000000001,2.594,2.617,2.6180000000000003,2.6180000000000003,All clear-cut,19.584,0.0,0.0,442.0,0.44206075370311737,0,32.58426966292134,27.909270216962526
0,04_184U0007,Wet&mild,0.146,0.147,0.147,0.147,3.361,3.3819999999999997,3.386,3.3810000000000002,No clear-cut,19.584,0.0,0.0,370.0,0.3704226970672607,0,64.04494382022469,65.72978303747536
0,04_184U0007,Wet&mild,0.146,0.147,0.147,0.147,3.361,3.3819999999999997,3.386,3.3810000000000002,All clear-cut,19.584,0.0,0.0,370.0,0.3704226970672607,0,64.04494382022469,65.72978303747536
0,04_184U0008,2003-2012,0.10099999999999999,0.096,0.17600000000000002,0.08900000000000001,2.293,2.375,3.8,2.36,No clear-cut,27.648000000000003,0.0,0.0,321.0,0.320873466914054,0,0.0,0.0
0,04_184U0008,2003-2012,0.106,0.10099999999999999,0.182,0.094,2.381,2.469,3.93,2.4730000000000003,All clear-cut,27.648000000000003,1.9709999999999999,0.0713,330.0,0.330189785908442,0,4.950495049504951,3.837767117313547
0,04_184U0008,Dry,0.011000000000000001,0.012,0.013000000000000001,0.013000000000000001,0.39,0.40399999999999997,0.426,0.433,No clear-cut,27.648000000000003,0.0,0.0,93.0,0.09289769313763828,0,-89.10891089108911,-82.9917139119058
0,04_184U0008,Dry,0.013000000000000001,0.013000000000000001,0.013999999999999999,0.013999999999999999,0.42700000000000005,0.447,0.47100000000000003,0.475,All clear-cut,27.648000000000003,1.9709999999999999,0.0713,98.0,0.0984118282678537,0,-87.12871287128712,-81.37810728303532
0,04_184U0008,Wet,0.133,0.134,0.134,0.134,2.9189999999999996,2.937,2.9339999999999997,2.9339999999999997,No clear-cut,27.648000000000003,0.0,0.0,477.0,0.4772507684305311,0,31.683168316831683,27.300479720889655
0,04_184U0008,Wet,0.13699999999999998,0.139,0.138,0.138,3.014,3.0439999999999996,3.035,3.032,All clear-cut,27.648000000000003,1.9709999999999999,0.0713,489.0,0.4888627859763801,0,35.64356435643563,31.443523767989518
0,04_184U0008,Wet&mild,0.17,0.171,0.171,0.171,3.909,3.926,3.929,3.923,No clear-cut,27.648000000000003,0.0,0.0,407.0,0.4070158900693059,0,68.31683168316835,70.47535979066723
0,04_184U0008,Wet&mild,0.17800000000000002,0.179,0.179,0.17800000000000002,4.053,4.087,4.083,4.075,All clear-cut,27.648000000000003,1.9709999999999999,0.0713,416.0,0.4163764445111156,0,76.23762376237627,76.75534234627125
0,04_184U0009,2003-2012,0.086,0.077,0.147,0.078,2.628,2.659,4.0889999999999995,2.823,No clear-cut,18.97,0.0,0.0,270.0,0.26965537199284884,0,0.0,0.0
0,04_184U0009,2003-2012,0.111,0.105,0.185,0.11199999999999999,3.1239999999999997,3.139,4.803999999999999,3.503,All clear-cut,18.97,4.787,0.2523,309.0,0.3091608145972714,0,29.069767441860478,18.87366818873666
0,04_184U0009,Dry,0.006999999999999999,0.006999999999999999,0.008,0.008,0.441,0.439,0.49200000000000005,0.521,No clear-cut,18.97,0.0,0.0,76.0,0.07575981894042343,0,-91.86046511627907,-83.21917808219177
0,04_184U0009,Dry,0.015,0.016,0.018000000000000002,0.018000000000000002,0.652,0.6779999999999999,0.7440000000000001,0.767,All clear-cut,18.97,4.787,0.2523,95.0,0.0954410831676796,0,-82.55813953488372,-75.19025875190259
0,04_184U0009,Wet,0.125,0.127,0.127,0.127,3.4730000000000003,3.537,3.5380000000000003,3.5389999999999997,No clear-cut,18.97,0.0,0.0,419.0,0.4190968343988061,0,45.34883720930233,32.1537290715373
0,04_184U0009,Wet,0.153,0.158,0.156,0.156,4.005,4.1,4.072,4.074,All clear-cut,18.97,4.787,0.2523,473.0,0.4726457635872066,0,77.90697674418604,52.39726027397259
0,04_184U0009,Wet&mild,0.155,0.157,0.157,0.157,4.376,4.456,4.4639999999999995,4.465,No clear-cut,18.97,0.0,0.0,358.0,0.3580979537218809,0,80.23255813953489,66.51445966514459
0,04_184U0009,Wet&mild,0.193,0.19899999999999998,0.198,0.198,5.0569999999999995,5.176,5.175,5.1770000000000005,All clear-cut,18.97,4.787,0.2523,396.0,0.3960498144850135,0,124.41860465116284,92.42770167427699
0,04_184U0010,2003-2012,0.033,0.022000000000000002,0.055999999999999994,0.031,3.7060000000000004,3.5039999999999996,6.099,3.78,No clear-cut,215.808,0.0,0.0,219.0,0.21879976278869434,0,0.0,0.0
0,04_184U0010,2003-2012,0.036000000000000004,0.026000000000000002,0.061,0.036000000000000004,3.85,3.6710000000000003,6.278,3.989,All clear-cut,215.808,8.73,0.0405,225.0,0.2250663069775328,0,9.090909090909108,3.8855909336211596
0,04_184U0010,Dry,0.0,0.0,0.0,0.0,0.07,0.053,0.076,0.10800000000000001,No clear-cut,215.808,0.0,0.0,15.0,0.014546471240464596,0,-100.0,-98.11117107393416
0,04_184U0010,Dry,0.001,0.001,0.001,0.001,0.11599999999999999,0.08800000000000001,0.129,0.185,All clear-cut,215.808,8.73,0.0405,17.0,0.017218514735577627,0,-96.96969696969697,-96.86994063680518
0,04_184U0010,Wet,0.053,0.055,0.055,0.055999999999999994,4.454,4.598,4.638999999999999,4.6419999999999995,No clear-cut,215.808,0.0,0.0,400.0,0.40002036923542617,0,60.606060606060595,20.183486238532097
0,04_184U0010,Wet,0.055999999999999994,0.059000000000000004,0.059000000000000004,0.059000000000000004,4.596,4.753,4.784,4.782,All clear-cut,215.808,8.73,0.0405,408.0,0.4078345810994506,0,69.69696969696969,24.015110631408504
0,04_184U0010,Wet&mild,0.047,0.048,0.049,0.049,4.87,5.045,5.145,5.169,No clear-cut,215.808,0.0,0.0,313.0,0.3129094712436199,0,42.42424242424241,31.408526713437652
0,04_184U0010,Wet&mild,0.052000000000000005,0.053,0.054000000000000006,0.054000000000000006,5.041,5.232,5.325,5.343999999999999,All clear-cut,215.808,8.73,0.0405,319.0,0.3192386444658041,0,57.57575757575759,36.022665947112785
0,04_184U0011,2003-2012,0.061,0.052000000000000005,0.1,0.055999999999999994,2.6910000000000003,2.6830000000000003,4.25,2.8310000000000004,No clear-cut,103.78200000000001,0.0,0.0,267.0,0.2669144441722892,0,0.0,0.0
0,04_184U0011,2003-2012,0.066,0.059000000000000004,0.10800000000000001,0.063,2.805,2.8169999999999997,4.4030000000000005,2.986,All clear-cut,103.78200000000001,5.53,0.0533,275.0,0.27507326955674216,0,8.196721311475414,4.236343366778144
0,04_184U0011,Dry,0.004,0.003,0.004,0.005,0.22899999999999998,0.212,0.257,0.299,No clear-cut,103.78200000000001,0.0,0.0,53.0,0.05309269903227687,0,-93.44262295081967,-91.49015235971758
0,04_184U0011,Dry,0.005,0.005,0.006,0.006999999999999999,0.273,0.255,0.311,0.359,All clear-cut,103.78200000000001,5.53,0.0533,57.0,0.05693728909827769,0,-91.80327868852459,-89.85507246376812
0,04_184U0011,Wet,0.086,0.08800000000000001,0.08800000000000001,0.08800000000000001,3.286,3.3560000000000003,3.361,3.36,No clear-cut,103.78200000000001,0.0,0.0,432.0,0.4322314152494073,0,40.983606557377044,22.110739502043828
0,04_184U0011,Wet,0.092,0.095,0.095,0.094,3.417,3.5010000000000003,3.492,3.488,All clear-cut,103.78200000000001,5.53,0.0533,443.0,0.4434085885062814,0,50.81967213114754,26.978818283166078
0,04_184U0011,Wet&mild,0.099,0.10099999999999999,0.10099999999999999,0.10099999999999999,4.012,4.099,4.1080000000000005,4.1080000000000005,No clear-cut,103.78200000000001,0.0,0.0,361.0,0.3610919390805066,0,62.29508196721312,49.089557785209934
0,04_184U0011,Wet&mild,0.107,0.11,0.11,0.109,4.1610000000000005,4.261,4.263999999999999,4.261,All clear-cut,103.78200000000001,5.53,0.0533,369.0,0.3689022571779788,0,75.40983606557376,54.62653288740245
0,04_184U0012,2003-2012,0.045,0.035,0.07400000000000001,0.040999999999999995,3.51,3.398,5.649,3.677,No clear-cut,36.992,0.0,0.0,232.0,0.2320064351893961,0,0.0,0.0
0,04_184U0012,2003-2012,0.048,0.04,0.079,0.045,3.74,3.662,5.917999999999999,3.9939999999999998,All clear-cut,36.992,1.946,0.0526,240.0,0.2401272593764588,0,6.666666666666671,6.552706552706567
0,04_184U0012,Dry,0.001,0.001,0.001,0.002,0.217,0.184,0.24100000000000002,0.309,No clear-cut,36.992,0.0,0.0,28.0,0.027798968693241482,0,-97.77777777777777,-93.81766381766381
0,04_184U0012,Dry,0.002,0.002,0.002,0.003,0.364,0.311,0.42,0.539,All clear-cut,36.992,1.946,0.0526,32.0,0.031533020472852516,0,-95.55555555555556,-89.62962962962963
0,04_184U0012,Wet,0.069,0.071,0.071,0.071,4.435,4.555,4.5569999999999995,4.555,No clear-cut,36.992,0.0,0.0,402.0,0.4024287099950016,0,53.33333333333334,26.353276353276357
0,04_184U0012,Wet,0.07200000000000001,0.075,0.07400000000000001,0.075,4.647,4.783,4.766,4.763999999999999,All clear-cut,36.992,1.946,0.0526,412.0,0.4124507158063352,0,60.00000000000003,32.39316239316241
0,04_184U0012,Wet&mild,0.067,0.068,0.068,0.068,5.022,5.178,5.205,5.212999999999999,No clear-cut,36.992,0.0,0.0,326.0,0.3262607723474503,0,48.888888888888886,43.076923076923094
0,04_184U0012,Wet&mild,0.071,0.073,0.073,0.073,5.281000000000001,5.457999999999999,5.471,5.475,All clear-cut,36.992,1.946,0.0526,334.0,0.33413358954712746,0,57.77777777777777,50.45584045584047
0,04_184U0013,2003-2012,0.059000000000000004,0.053,0.099,0.055999999999999994,1.994,1.973,3.262,2.127,No clear-cut,246.75799999999998,0.0,0.0,264.0,0.2643389600794762,0,0.0,0.0
0,04_184U0013,2003-2012,0.069,0.066,0.113,0.07,2.2880000000000003,2.358,3.6319999999999997,2.533,All clear-cut,246.75799999999998,34.79,0.141,287.0,0.2868416236247867,0,16.949152542372886,14.744232698094308
0,04_184U0013,Dry,0.004,0.003,0.004,0.004,0.247,0.23399999999999999,0.27699999999999997,0.313,No clear-cut,246.75799999999998,0.0,0.0,62.0,0.0623129376443103,0,-93.22033898305085,-87.61283851554664
0,04_184U0013,Dry,0.006,0.006,0.008,0.008,0.396,0.395,0.465,0.508,All clear-cut,246.75799999999998,34.79,0.141,73.0,0.07270523209590465,0,-89.83050847457628,-80.14042126379138
0,04_184U0013,Wet,0.087,0.08900000000000001,0.08800000000000001,0.08800000000000001,2.635,2.6889999999999996,2.682,2.679,No clear-cut,246.75799999999998,0.0,0.0,420.0,0.4195373329333961,0,47.45762711864404,32.14643931795385
0,04_184U0013,Wet,0.09699999999999999,0.1,0.098,0.098,2.9130000000000003,2.989,2.9560000000000004,2.948,All clear-cut,246.75799999999998,34.79,0.141,449.0,0.4489429956302047,0,64.40677966101691,46.08826479438318
0,04_184U0013,Wet&mild,0.096,0.098,0.09699999999999999,0.09699999999999999,3.216,3.279,3.279,3.279,No clear-cut,246.75799999999998,0.0,0.0,354.0,0.3541106592863798,0,62.711864406779654,61.28385155466401
0,04_184U0013,Wet&mild,0.11,0.114,0.113,0.11199999999999999,3.574,3.6660000000000004,3.6489999999999996,3.641,All clear-cut,246.75799999999998,34.79,0.141,376.0,0.376150484289974,0,86.44067796610167,79.23771313941825
0,04_184U0014,2003-2012,0.027999999999999997,0.02,0.044000000000000004,0.031,2.439,2.008,4.155,2.9139999999999997,No clear-cut,32.589,0.0,0.0,240.0,0.240121712180553,0,0.0,0.0
0,04_184U0014,2003-2012,0.032,0.025,0.05,0.037000000000000005,2.529,2.1109999999999998,4.285,3.043,All clear-cut,32.589,2.176,0.0668,248.0,0.2484012836153852,0,14.285714285714306,3.6900369003689946
0,04_184U0014,Dry,0.0,0.0,0.0,0.0,0.004,0.003,0.004,0.004,No clear-cut,32.589,0.0,0.0,4.0,0.003547820340236285,0,-100.0,-99.8359983599836
0,04_184U0014,Dry,0.0,0.0,0.0,0.0,0.013000000000000001,0.011000000000000001,0.013999999999999999,0.018000000000000002,All clear-cut,32.589,2.176,0.0668,8.0,0.007877244838164188,0,-100.0,-99.4669946699467
0,04_184U0014,Wet,0.04,0.042,0.042,0.042,3.1010000000000004,3.201,3.2289999999999996,3.2310000000000003,No clear-cut,32.589,0.0,0.0,424.0,0.4237632785923779,0,42.85714285714289,27.14227142271423
0,04_184U0014,Wet,0.045,0.047,0.047,0.046,3.202,3.313,3.332,3.3289999999999997,All clear-cut,32.589,2.176,0.0668,434.0,0.4338912379927933,0,60.71428571428572,31.28331283312832
0,04_184U0014,Wet&mild,0.035,0.035,0.036000000000000004,0.036000000000000004,3.533,3.648,3.7039999999999997,3.717,No clear-cut,32.589,0.0,0.0,342.0,0.3415599868632853,0,25.00000000000003,44.85444854448545
0,04_184U0014,Wet&mild,0.042,0.044000000000000004,0.044000000000000004,0.043,3.678,3.8080000000000003,3.858,3.866,All clear-cut,32.589,2.176,0.0668,349.0,0.34933613552711906,0,50.00000000000003,50.79950799507995
0,04_184U0015,2003-2012,0.07,0.052000000000000005,0.133,0.065,1.4809999999999999,1.178,2.73,1.482,No clear-cut,9.421,0.0,0.0,201.0,0.20060632596723732,0,0.0,0.0
0,04_184U0015,2003-2012,0.091,0.075,0.163,0.092,1.893,1.661,3.301,1.9880000000000002,All clear-cut,9.421,1.357,0.14400000000000002,226.0,0.2257835598662496,0,29.99999999999997,27.819041188386223
0,04_184U0015,Dry,0.002,0.002,0.002,0.002,0.048,0.043,0.052000000000000005,0.062,No clear-cut,9.421,0.0,0.0,30.0,0.030107575445435943,0,-97.14285714285714,-96.75894665766374
0,04_184U0015,Dry,0.006999999999999999,0.006,0.008,0.01,0.166,0.145,0.192,0.24,All clear-cut,9.421,1.357,0.14400000000000002,40.0,0.039714656258001926,0,-90.0,-88.7913571910871
0,04_184U0015,Wet,0.12,0.124,0.125,0.125,2.34,2.417,2.434,2.435,No clear-cut,9.421,0.0,0.0,357.0,0.3573854866437614,0,71.42857142857139,58.00135043889264
0,04_184U0015,Wet,0.14300000000000002,0.149,0.15,0.149,2.8369999999999997,2.966,2.945,2.9330000000000003,All clear-cut,9.421,1.357,0.14400000000000002,393.0,0.3926162112504244,0,104.28571428571428,91.55975692099932
0,04_184U0015,Wet&mild,0.129,0.132,0.133,0.133,2.727,2.798,2.824,2.8310000000000004,No clear-cut,9.421,0.0,0.0,291.0,0.2912550156004727,0,84.28571428571428,84.13234301147872
0,04_184U0015,Wet&mild,0.159,0.165,0.166,0.166,3.264,3.383,3.406,3.403,All clear-cut,9.421,1.357,0.14400000000000002,315.0,0.3151631528511644,0,127.14285714285714,120.39162727886566
0,04_184U0016,2003-2012,0.075,0.079,0.127,0.07,1.919,2.0980000000000003,3.1660000000000004,2.112,No clear-cut,68.915,0.0,0.0,294.0,0.294181103259325,0,0.0,0.0
0,04_184U0016,2003-2012,0.085,0.09,0.14300000000000002,0.085,2.155,2.362,3.522,2.458,All clear-cut,68.915,11.008,0.1597,314.0,0.3141254310961813,0,13.333333333333357,12.298071912454404
0,04_184U0016,Dry,0.005,0.005,0.006,0.006,0.261,0.268,0.28800000000000003,0.29600000000000004,No clear-cut,68.915,0.0,0.0,85.0,0.08547864581923932,0,-93.33333333333333,-86.39916623241271
0,04_184U0016,Dry,0.009000000000000001,0.009000000000000001,0.01,0.01,0.391,0.402,0.44799999999999995,0.461,All clear-cut,68.915,11.008,0.1597,97.0,0.09674257646547632,0,-88.0,-79.62480458572173
0,04_184U0016,Wet,0.098,0.099,0.099,0.099,2.419,2.4419999999999997,2.439,2.438,No clear-cut,68.915,0.0,0.0,438.0,0.4378792043775321,0,30.666666666666686,26.055237102657628
0,04_184U0016,Wet,0.11,0.111,0.111,0.11,2.685,2.72,2.715,2.7119999999999997,All clear-cut,68.915,11.008,0.1597,466.0,0.4657774236053228,0,46.666666666666686,39.91662324127151
0,04_184U0016,Wet&mild,0.121,0.122,0.12300000000000001,0.122,3.193,3.219,3.2230000000000003,3.218,No clear-cut,68.915,0.0,0.0,382.0,0.3815068625845015,0,61.333333333333314,66.38874413757165
0,04_184U0016,Wet&mild,0.138,0.14,0.14,0.14,3.529,3.57,3.582,3.5780000000000003,All clear-cut,68.915,11.008,0.1597,400.0,0.39973488273099067,0,84.00000000000003,83.89786347055755
0,04_184U0017,2003-2012,0.067,0.065,0.11699999999999999,0.061,1.778,1.922,2.9789999999999996,1.906,No clear-cut,107.443,0.0,0.0,236.0,0.23606570202391594,0,0.0,0.0
0,04_184U0017,2003-2012,0.08199999999999999,0.084,0.13699999999999998,0.08199999999999999,2.1719999999999997,2.441,3.4939999999999998,2.436,All clear-cut,107.443,12.467,0.11599999999999999,256.0,0.2561334344092757,0,22.38805970149251,22.15973003374576
0,04_184U0017,Dry,0.002,0.002,0.002,0.002,0.11599999999999999,0.106,0.129,0.15,No clear-cut,107.443,0.0,0.0,41.0,0.04056023841258138,0,-97.01492537313433,-93.47581552305962
0,04_184U0017,Dry,0.006,0.006,0.006999999999999999,0.008,0.285,0.265,0.341,0.395,All clear-cut,107.443,12.467,0.11599999999999999,50.0,0.04982258907984942,0,-91.04477611940298,-83.97075365579303
0,04_184U0017,Wet,0.09699999999999999,0.099,0.099,0.099,2.329,2.376,2.378,2.378,No clear-cut,107.443,0.0,0.0,379.0,0.3787885511294008,0,44.776119402985046,30.98987626546682
0,04_184U0017,Wet,0.11199999999999999,0.11599999999999999,0.114,0.114,2.739,2.825,2.795,2.787,All clear-cut,107.443,12.467,0.11599999999999999,407.0,0.4067677088081837,0,67.1641791044776,54.04949381327333
0,04_184U0017,Wet&mild,0.109,0.111,0.111,0.111,2.9210000000000003,2.9739999999999998,2.9819999999999998,2.983,No clear-cut,107.443,0.0,0.0,327.0,0.3268682698719204,0,62.68656716417908,64.2857142857143
0,04_184U0017,Wet&mild,0.131,0.135,0.135,0.134,3.4,3.498,3.491,3.483,All clear-cut,107.443,12.467,0.11599999999999999,346.0,0.3458940291777253,0,95.52238805970148,91.22609673790777
